asin,title,market,price
B08DG4C63H,Trust Taro Wired Keyboard German QWERTZ,UK,
B00F35N1KS,CHERRY KC 1000 Wired Keyboard German QWERTZ,UK,
B09N9CY637,CHERRY STREAM KEYBOARD TKL QWERTZ,UK,
B08ZNSJ152,Dell KM5221W Pro Wireless QWERTZ,UK,
B09ZVJ9GWG,Goshyda Bluetooth Keyboard German QWERTZ,UK,
B0BLC7D6ZZ,Arteck 2.4G Wireless Keyboard USB-C QWERTZ,UK,
B0F1ZJSXB5,Dell KB216 GERMAN Slim Office Keyboard,UK,
B0FDFDZYR5,Keychron K4 QMK Mechanical Keyboard UK Layout,UK,
B00OCMRV40,KeySonic KSK-6231INEL USB QWERTZ German,FR,
B08QD8MZX1,KeySonic KSK-8031INEL USB QWERTZ German White,FR,
B0FG85MKT1,MechLands Aula F75 Wireless Mechanical QWERTZ,FR,
B09R1VZRFF,KLIM Chroma QWERTZ DEUTSCHLAND USB RGB,FR,
B07FLYR1TG,KLIM Chroma Wireless QWERTZ Deutschland,FR,
B08DG4C63H,Trust Taro Wired Keyboard German QWERTZ,FR,
B003PAMIA2,Logitech K120 Keyboard German QWERTZ,FR,
B003UL1RGC,Logitech K120 Wireless Business QWERTZ,FR,
B08KWBVK4Z,MediaRange MROS113 Qwertz Keyboard White,FR,
B08KWBJCNM,MediaRange MROS112 Black Qwertz Keyboard,FR,
B09JST2LCL,Gintai German Keyboard QWERTZ for ThinkPad,FR,
B0DP36D6K5,TnB Wireless Keyboard QWERTZ DE/AT/LU,FR,
B0CVTZ4BT7,seenda Wireless Keyboard Mouse QWERTZ,FR,
B077BT728N,Logitech K280e Pro Keyboard German QWERTZ,FR,
B09J88KM8L,Contour Balance Keyboard QWERTZ Wired,IT,
B0BXXM31Y2,Contour Balance Wireless Keyboard QWERTZ,IT,
B003PAMIA2,Logitech K120 Keyboard German QWERTZ,IT,
B077BT728N,Logitech K280e Pro Keyboard German QWERTZ,IT,
B003IZ5JXC,Logitech MK120 Wired Keyboard Mouse QWERTZ,IT,
B0F9Z34P5R,Keychron B6 Pro Wireless Keyboard Italian ISO,IT,
B07FHTJC1G,SATECHI Aluminium USB QWERTZ German,ES,
B07F59BY7L,SATECHI QWERTZ German Wireless Keyboard,ES,
B08DG4C63H,Trust Taro Wired Keyboard German QWERTZ,ES,
B01AUGT964,Logitech MK235 Wireless QWERTZ German,ES,
B0D1G1P4T5,Trust Primo Wireless Keyboard Mouse QWERTZ,ES,
B095X541W1,KLIM Chroma QWERTZ Wireless Gaming 2024,ES,
B0C3VMY393,KLIM Thunder QWERTZ DE Gaming Combo,ES,
