asin,title,market,price_eur
B08DG4C63H,Trust Taro Wired Keyboard German QWERTZ,UK,13.00
B00F35N1KS,CHERRY KC 1000 Wired Keyboard German QWERTZ,UK,28.61
B09N9CY637,CHERRY STREAM KEYBOARD TKL QWERTZ,UK,
B08ZNSJ152,Dell KM5221W Pro Wireless QWERTZ,UK,45.75
B09ZVJ9GWG,Goshyda Bluetooth Keyboard German QWERTZ,UK,22.74
B0BLC7D6ZZ,Arteck 2.4G Wireless Keyboard USB-C QWERTZ,UK,45.75
B0F1ZJSXB5,Dell KB216 GERMAN Slim Office Keyboard,UK,
B0DFPR9XX1,TECKNET Wireless Keyboard Mouse Combo QWERTY UK,UK,32.02
B0FDFDZYR5,Keychron K4 QMK Mechanical Keyboard UK Layout,UK,102.95
B07W4DHQJ6,Logitech G413 TKL SE Mechanical Gaming UK,UK,51.47
B0CS365B89,Newmen GM326 Mechanical Keyboard 75% TKL,UK,26.07
B0F639HPHT,Keychron B6 Pro Wireless Full-Size Keyboard,UK,52.61
B00OCMRV40,KeySonic KSK-6231INEL USB QWERTZ German,FR,90.60
B08QD8MZX1,KeySonic KSK-8031INEL USB QWERTZ German White,FR,77.36
B0FG85MKT1,MechLands Aula F75 Wireless Mechanical QWERTZ,FR,95.99
B09R1VZRFF,KLIM Chroma QWERTZ DEUTSCHLAND USB RGB,FR,39.97
B07FLYR1TG,KLIM Chroma Wireless QWERTZ Deutschland,FR,39.97
B08DG4C63H,Trust Taro Wired Keyboard German QWERTZ,FR,12.99
B003PAMIA2,Logitech K120 Keyboard German QWERTZ,FR,10.99
B003UL1RGC,Logitech K120 Wireless Business QWERTZ,FR,19.57
B08KWBVK4Z,MediaRange MROS113 Qwertz Keyboard White,FR,12.44
B08KWBJCNM,MediaRange MROS112 Black Qwertz Keyboard,FR,12.77
B09JST2LCL,Gintai German Keyboard QWERTZ for ThinkPad,FR,48.01
B0DP36D6K5,TnB Wireless Keyboard QWERTZ DE/AT/LU,FR,19.99
B0CVTZ4BT7,seenda Wireless Keyboard Mouse QWERTZ,FR,49.19
B077BT728N,Logitech K280e Pro Keyboard German QWERTZ,FR,29.83
B09J88KM8L,Contour Balance Keyboard QWERTZ Wired,IT,113.03
B0BXXM31Y2,Contour Balance Wireless Keyboard QWERTZ,IT,126.50
B003PAMIA2,Logitech K120 Keyboard German QWERTZ,IT,25.97
B077BT728N,Logitech K280e Pro Keyboard German QWERTZ,IT,29.96
B003IZ5JXC,Logitech MK120 Wired Keyboard Mouse QWERTZ,IT,17.48
B0CQKMKPZW,YINDIAO Ajazz AK820 Mechanical Keyboard,IT,42.49
B0C26KBXQP,Logitech K380 Multi-Device Bluetooth Keyboard,IT,35.00
B0B4W52FN5,Dierya DK61se 60% Mechanical Gaming,IT,29.99
B0FKVBZ2PD,Glorious Gaming Keyboard GMBK 75% Hot Swap,IT,44.99
B0F9Z34P5R,Keychron B6 Pro Wireless Keyboard Italian ISO,IT,61.99
B0G2CWN1R4,Keychron K3 Max Low Profile Mechanical Italian,IT,137.99
B07FHTJC1G,SATECHI Aluminium USB QWERTZ German,ES,59.99
B07F59BY7L,SATECHI QWERTZ German Wireless Keyboard,ES,79.99
B08DG4C63H,Trust Taro Wired Keyboard German QWERTZ,ES,10.99
B01AUGT964,Logitech MK235 Wireless QWERTZ German,ES,
B0D1G1P4T5,Trust Primo Wireless Keyboard Mouse QWERTZ,ES,19.99
B095X541W1,KLIM Chroma QWERTZ Wireless Gaming 2024,ES,54.97
B0C3VMY393,KLIM Thunder QWERTZ DE Gaming Combo,ES,69.97
B0CMWJSQMB,EPOMAKER Ajazz AK820 Pro 75% Wireless,ES,82.99
B0BHYRG6V8,Dierya T68SE Mechanical Gaming 60%,ES,34.99
B07W7KMK4W,Logitech G413 TKL SE Mechanical Gaming,ES,47.99
B01L6L44NU,Logitech G213 Prodigy Gaming Keyboard RGB,ES,54.99
B0D8FJ1Z1H,AULA F75 75% Wireless Mechanical Keyboard,ES,79.75
B0CNP1BG1W,RK ROYAL KLUDGE R65 Gaming Keyboard 60%,UK,75.49
B0CYGYP4CT,AJAZZ AK820 Wired Mechanical Keyboard 75%,UK,50.32
